PRAGMA foreign_keys=OFF;
BEGIN TRANSACTION;
CREATE TABLE schema_version (
    version       INTEGER PRIMARY KEY,
    applied_at    TEXT    NOT NULL,
    description   TEXT    NOT NULL
) STRICT;
INSERT INTO schema_version VALUES(1,'2026-04-11','Phase 0 initial schema');
CREATE TABLE body_metrics (
    date            TEXT    PRIMARY KEY,              -- YYYY-MM-DD
    weight_lbs      REAL,
    weight_kg       REAL,
    body_fat_pct    REAL,                              -- Renpho bioimpedance, NOT DEXA truth
    muscle_mass_kg  REAL,                              -- nullable: Fitbit doesn't always return
    water_pct       REAL,                              -- nullable
    bmi             REAL,
    source          TEXT    NOT NULL,                  -- FITBIT | TELEGRAM | RENPHO | MANUAL
    notes           TEXT
) STRICT;
INSERT INTO body_metrics VALUES('2026-03-08',184.099999999999994,83.5,NULL,NULL,NULL,28.2600000000000015,'FITBIT','synced 19:39 ET');
INSERT INTO body_metrics VALUES('2026-03-09',183.599999999999994,83.2999999999999971,NULL,NULL,NULL,28.1700000000000017,'FITBIT','synced 19:39 ET');
INSERT INTO body_metrics VALUES('2026-03-10',183.400000000000005,83.2000000000000028,NULL,NULL,NULL,28.1400000000000005,'FITBIT','synced 19:39 ET');
INSERT INTO body_metrics VALUES('2026-03-11',182.300000000000011,82.7000000000000028,NULL,NULL,NULL,27.9800000000000004,'FITBIT','synced 19:39 ET');
INSERT INTO body_metrics VALUES('2026-03-12',181.0,82.0999999999999943,NULL,NULL,NULL,27.7699999999999995,'FITBIT','synced 19:40 ET');
INSERT INTO body_metrics VALUES('2026-03-13',180.099999999999994,81.7000000000000028,NULL,NULL,NULL,27.629999999999999,'FITBIT','synced 19:40 ET');
INSERT INTO body_metrics VALUES('2026-03-14',179.0,81.2000000000000028,NULL,NULL,NULL,27.4600000000000008,'FITBIT','synced 19:40 ET');
INSERT INTO body_metrics VALUES('2026-03-15',178.800000000000011,81.0999999999999943,NULL,NULL,NULL,27.4299999999999997,'FITBIT','synced 19:40 ET');
INSERT INTO body_metrics VALUES('2026-03-16',179.900000000000005,81.5999999999999943,22.8000000000000007,NULL,NULL,27.5799999999999982,'FITBIT','synced 19:40 ET');
INSERT INTO body_metrics VALUES('2026-03-17',176.800000000000011,80.2000000000000028,22.1000000000000014,NULL,NULL,27.129999999999999,'FITBIT','synced 19:40 ET');
INSERT INTO body_metrics VALUES('2026-03-18',176.800000000000011,80.2000000000000028,22.1000000000000014,NULL,NULL,27.1099999999999994,'FITBIT','synced 19:40 ET');
INSERT INTO body_metrics VALUES('2026-03-19',177.300000000000011,80.4000000000000056,22.1999999999999992,NULL,NULL,27.1799999999999997,'FITBIT','synced 19:40 ET');
INSERT INTO body_metrics VALUES('2026-03-20',176.099999999999994,79.9000000000000056,22.0,NULL,NULL,27.0199999999999995,'FITBIT','synced 19:40 ET');
INSERT INTO body_metrics VALUES('2026-03-25',179.900000000000005,81.5999999999999943,22.8000000000000007,NULL,NULL,27.5799999999999982,'FITBIT','synced 19:41 ET');
INSERT INTO body_metrics VALUES('2026-03-27',177.900000000000005,80.7000000000000028,22.3000000000000007,NULL,NULL,27.2800000000000011,'FITBIT','synced 19:41 ET');
INSERT INTO body_metrics VALUES('2026-03-28',178.599999999999994,81.0,22.5,NULL,NULL,27.3999999999999985,'FITBIT','synced 19:41 ET');
INSERT INTO body_metrics VALUES('2026-03-29',177.300000000000011,80.4000000000000056,22.1999999999999992,NULL,NULL,27.1900000000000012,'FITBIT','synced 19:41 ET');
INSERT INTO body_metrics VALUES('2026-03-30',176.400000000000005,80.0,22.0,NULL,NULL,27.0399999999999991,'FITBIT','synced 19:41 ET');
INSERT INTO body_metrics VALUES('2026-03-31',175.699999999999988,79.7000000000000028,21.8000000000000007,NULL,NULL,26.9600000000000008,'FITBIT','synced 19:41 ET');
INSERT INTO body_metrics VALUES('2026-04-01',174.199999999999988,79.0,21.5,NULL,NULL,26.6999999999999992,'FITBIT','synced 19:42 ET');
INSERT INTO body_metrics VALUES('2026-04-02',174.800000000000011,79.2999999999999971,21.6000000000000014,NULL,NULL,26.8200000000000002,'FITBIT','synced 19:42 ET');
INSERT INTO body_metrics VALUES('2026-04-03',177.699999999999988,80.5999999999999943,22.3000000000000007,NULL,NULL,27.2600000000000015,'FITBIT','synced 19:42 ET');
INSERT INTO body_metrics VALUES('2026-04-04',177.699999999999988,80.5999999999999943,22.3000000000000007,NULL,NULL,27.2600000000000015,'FITBIT',NULL);
INSERT INTO body_metrics VALUES('2026-04-05',175.300000000000011,79.5,21.8000000000000007,NULL,NULL,26.8900000000000005,'FITBIT','synced 20:13 ET');
INSERT INTO body_metrics VALUES('2026-04-06',174.199999999999988,79.0,21.5,NULL,NULL,26.7199999999999988,'FITBIT','synced 22:33 ET');
INSERT INTO body_metrics VALUES('2026-04-07',173.300000000000011,78.5999999999999943,21.3000000000000007,NULL,NULL,26.7199999999999988,'FITBIT','synced 10:16 ET');
INSERT INTO body_metrics VALUES('2026-04-08',173.099999999999994,78.5,21.1999999999999992,NULL,NULL,26.6900000000000012,'FITBIT','synced 10:16 ET');
INSERT INTO body_metrics VALUES('2026-04-09',172.800000000000011,78.4000000000000056,21.1999999999999992,NULL,NULL,26.6499999999999985,'FITBIT','synced 10:16 ET');
INSERT INTO body_metrics VALUES('2026-04-10',172.0,78.0,21.0,NULL,NULL,26.5199999999999995,'FITBIT','synced 10:16 ET');
INSERT INTO body_metrics VALUES('2026-04-11',172.0,78.0,21.0,NULL,NULL,26.5199999999999995,'FITBIT','synced 10:16 ET');
INSERT INTO body_metrics VALUES('2026-04-12',173.699999999999988,78.7999999999999971,21.3999999999999985,NULL,NULL,26.7899999999999991,'FITBIT','synced 09:11 ET');
INSERT INTO body_metrics VALUES('2026-04-13',175.900000000000005,79.7999999999999971,21.8999999999999985,NULL,NULL,27.1200000000000009,'FITBIT','synced 16:00 ET');
INSERT INTO body_metrics VALUES('2026-04-14',175.900000000000005,79.7999999999999971,22.0,NULL,NULL,27.1200000000000009,'FITBIT','synced 16:00 ET');
INSERT INTO body_metrics VALUES('2026-04-15',171.699999999999988,77.9000000000000056,21.0,NULL,NULL,26.4800000000000004,'FITBIT','synced 16:00 ET');
CREATE TABLE body_scan (
    date                        TEXT    PRIMARY KEY,  -- YYYY-MM-DD
    scan_type                   TEXT    NOT NULL,     -- DEXA | InBody | other
    total_bf_pct                REAL,
    lean_mass_lbs               REAL,
    lean_mass_kg                REAL,
    bone_density                REAL,                  -- g/cm²
    visceral_fat_area           REAL,                  -- cm²
    trunk_fat_pct               REAL,
    arms_fat_pct                REAL,
    legs_fat_pct                REAL,
    renpho_bf_same_week         REAL,                  -- for DEXA-Renpho offset calibration
    dexa_renpho_offset          REAL,                  -- BF% delta for reconciling Renpho readings
    rmr_cal                     REAL,                  -- DEXA-derived RMR
    source                      TEXT    NOT NULL,      -- usually DEXA
    source_file                 TEXT,                  -- original PDF filename
    notes                       TEXT
) STRICT;
INSERT INTO body_scan VALUES('2026-04-02','DEXA',26.3000000000000007,128.599999999999994,58.2999999999999971,1.26400000000000001,71.0499999999999971,31.3000000000000007,20.6999999999999992,22.6000000000000014,NULL,NULL,1618.0,'DEXA PDF','fitness/uploads/dexa_2026-04-02.pdf','First baseline scan. A/G ratio 1.28, VAT 1.46 lbs, RSMI 10.13. Added RMR column and value — extracted from DEXA PDF 2026-04-02. RMR: 1618 cal/day');
CREATE TABLE nutrition (
    date         TEXT    PRIMARY KEY,
    calories     REAL,
    protein_g    REAL,
    carbs_g      REAL,
    fat_g        REAL,
    fiber_g      REAL,
    sodium_mg    REAL,
    source       TEXT    NOT NULL,                      -- FITBIT | TELEGRAM | MANUAL
    notes        TEXT
) STRICT;
INSERT INTO nutrition VALUES('2026-03-08',2085.0,95.0,256.0,89.0,39.0,4231.0,'FITBIT','synced 19:39 ET');
INSERT INTO nutrition VALUES('2026-03-09',1720.0,166.0,108.0,82.0,28.0,3971.0,'FITBIT','synced 19:39 ET');
INSERT INTO nutrition VALUES('2026-03-10',2964.0,372.0,166.0,104.0,33.0,4889.0,'FITBIT','synced 19:39 ET');
INSERT INTO nutrition VALUES('2026-03-11',4152.0,501.0,95.0,160.0,4.0,3580.0,'FITBIT','synced 19:39 ET');
INSERT INTO nutrition VALUES('2026-03-12',1951.0,203.0,116.0,91.0,25.0,2163.0,'FITBIT','synced 19:40 ET');
INSERT INTO nutrition VALUES('2026-03-13',1771.0,171.0,116.0,84.0,17.0,1304.0,'FITBIT','synced 19:40 ET');
INSERT INTO nutrition VALUES('2026-03-14',1274.0,194.0,59.0,29.0,3.0,1646.0,'FITBIT','synced 19:40 ET');
INSERT INTO nutrition VALUES('2026-03-15',1438.0,158.0,116.0,57.0,46.0,2389.0,'FITBIT','synced 19:40 ET');
INSERT INTO nutrition VALUES('2026-03-16',1448.0,139.0,39.0,84.0,8.0,1813.0,'FITBIT','synced 19:40 ET');
INSERT INTO nutrition VALUES('2026-03-17',1448.0,186.0,73.0,51.0,13.0,2708.0,'FITBIT','synced 19:40 ET');
INSERT INTO nutrition VALUES('2026-03-18',1454.0,146.0,145.0,60.0,55.0,4163.0,'FITBIT','synced 19:40 ET');
INSERT INTO nutrition VALUES('2026-03-19',1661.0,180.0,71.0,87.0,39.0,2532.0,'FITBIT','synced 19:40 ET');
INSERT INTO nutrition VALUES('2026-03-20',2949.0,220.0,227.0,154.0,74.0,3452.0,'FITBIT','synced 19:40 ET');
INSERT INTO nutrition VALUES('2026-03-21',705.0,9.0,76.0,41.0,1.0,700.0,'FITBIT','synced 19:40 ET');
INSERT INTO nutrition VALUES('2026-03-22',370.0,0.0,67.0,12.0,0.0,323.0,'FITBIT','synced 19:41 ET');
INSERT INTO nutrition VALUES('2026-03-23',370.0,0.0,67.0,12.0,0.0,323.0,'FITBIT','synced 19:41 ET');
INSERT INTO nutrition VALUES('2026-03-24',520.0,56.0,32.0,20.0,2.0,300.0,'FITBIT','synced 19:41 ET');
INSERT INTO nutrition VALUES('2026-03-25',2400.0,194.0,171.0,110.0,22.0,4620.0,'FITBIT','synced 19:41 ET');
INSERT INTO nutrition VALUES('2026-03-26',1699.0,100.0,160.0,79.0,9.0,3311.0,'FITBIT','synced 19:41 ET');
INSERT INTO nutrition VALUES('2026-03-27',1518.0,142.0,122.0,64.0,23.0,1408.0,'FITBIT','synced 19:41 ET');
INSERT INTO nutrition VALUES('2026-03-28',1380.0,115.0,178.0,35.0,27.0,1968.0,'FITBIT','synced 19:41 ET');
INSERT INTO nutrition VALUES('2026-03-29',2123.0,203.52000000000001,135.569999999999993,83.3299999999999982,13.4000000000000003,1856.0,'FITBIT','synced 19:41 ET');
INSERT INTO nutrition VALUES('2026-03-30',4069.0,405.490000000000009,300.100000000000022,149.650000000000005,18.5,5978.0,'FITBIT','synced 19:41 ET');
INSERT INTO nutrition VALUES('2026-03-31',1588.0,122.0,105.0,94.0,36.0,1135.0,'FITBIT','synced 19:41 ET');
INSERT INTO nutrition VALUES('2026-04-01',3998.0,382.0,247.0,174.0,44.0,3970.0,'FITBIT','synced 19:42 ET');
INSERT INTO nutrition VALUES('2026-04-02',1860.0,98.0,232.0,75.0,29.0,2255.0,'FITBIT','synced 19:42 ET');
INSERT INTO nutrition VALUES('2026-04-03',1280.0,115.0,99.0,60.0,27.0,2049.0,'FITBIT','synced 19:42 ET');
INSERT INTO nutrition VALUES('2026-04-04',1400.0,168.0,47.0,61.0,4.0,1656.0,'FITBIT',NULL);
INSERT INTO nutrition VALUES('2026-04-05',3146.0,186.0,328.0,122.0,26.0,6372.0,'FITBIT','synced 20:13 ET');
INSERT INTO nutrition VALUES('2026-04-06',1826.0,197.0,196.0,36.0,35.0,4410.0,'FITBIT','synced 22:34 ET');
INSERT INTO nutrition VALUES('2026-04-07',1402.0,172.0,120.0,33.0,24.0,1558.0,'FITBIT','synced 10:16 ET');
INSERT INTO nutrition VALUES('2026-04-08',2435.0,160.0,124.0,148.0,20.0,1821.0,'FITBIT','synced 10:16 ET');
INSERT INTO nutrition VALUES('2026-04-09',1623.0,105.0,181.0,53.0,8.0,1173.0,'FITBIT','synced 10:16 ET');
INSERT INTO nutrition VALUES('2026-04-10',3132.0,127.0,262.0,182.0,14.0,4000.0,'FITBIT','synced 10:16 ET');
INSERT INTO nutrition VALUES('2026-04-11',3399.0,119.0,350.0,169.0,23.0,3830.0,'FITBIT','synced 10:16 ET');
INSERT INTO nutrition VALUES('2026-04-12',3542.0,144.0,506.0,102.0,27.0,5260.0,'FITBIT','synced 09:11 ET');
INSERT INTO nutrition VALUES('2026-04-13',1813.0,140.0,184.0,76.0,54.0,7010.0,'FITBIT','synced 16:00 ET');
INSERT INTO nutrition VALUES('2026-04-14',1304.0,146.0,115.0,38.0,28.0,1912.0,'FITBIT','synced 16:00 ET');
INSERT INTO nutrition VALUES('2026-04-15',1304.0,136.0,88.0,51.0,14.0,1333.0,'FITBIT','synced 16:00 ET');
CREATE TABLE workout (
    id            INTEGER PRIMARY KEY AUTOINCREMENT,
    date          TEXT    NOT NULL,
    exercise      TEXT    NOT NULL,
    sets          INTEGER NOT NULL,
    reps          INTEGER NOT NULL,
    weight_lbs    REAL    NOT NULL,                    -- 0 OK for bodyweight
    rpe           REAL,                                  -- nullable; RPE 0–10
    volume_lbs    REAL,                                  -- stored (not computed) to match sheet
    session_type  TEXT,                                  -- BRO_SPLIT_LEGS, UPPER, etc.
    source        TEXT    NOT NULL,                      -- TELEGRAM | MANUAL
    notes         TEXT
) STRICT;
INSERT INTO workout VALUES(1,'2026-04-04','Leg Press',3,8,320.0,NULL,7680.0,'Legs & Abs','TELEGRAM',NULL);
INSERT INTO workout VALUES(2,'2026-04-04','Leg Extension',3,8,135.0,NULL,3240.0,'Legs & Abs','TELEGRAM',NULL);
INSERT INTO workout VALUES(3,'2026-04-04','Captain Chair',3,8,8.0,NULL,192.0,'Legs & Abs','TELEGRAM',NULL);
INSERT INTO workout VALUES(4,'2026-04-06','Pull Ups',1,7,174.199999999999988,NULL,1219.40000000000009,'BRO_SPLIT','TELEGRAM',NULL);
INSERT INTO workout VALUES(5,'2026-04-06','Lat Pull Downs',1,8,160.0,NULL,1280.0,'BRO_SPLIT','TELEGRAM',NULL);
INSERT INTO workout VALUES(6,'2026-04-06','Lat Pull Downs',1,5,160.0,NULL,800.0,'BRO_SPLIT','TELEGRAM',NULL);
INSERT INTO workout VALUES(7,'2026-04-06','Lat Pull Downs',1,8,160.0,NULL,1280.0,'BRO_SPLIT','TELEGRAM',NULL);
INSERT INTO workout VALUES(8,'2026-04-06','Reverse Pec Fly',1,10,115.0,NULL,1150.0,'BRO_SPLIT','TELEGRAM',NULL);
INSERT INTO workout VALUES(9,'2026-04-06','Reverse Pec Fly',1,7,115.0,NULL,805.0,'BRO_SPLIT','TELEGRAM',NULL);
INSERT INTO workout VALUES(10,'2026-04-06','Reverse Pec Fly',1,4,115.0,NULL,460.0,'BRO_SPLIT','TELEGRAM',NULL);
INSERT INTO workout VALUES(11,'2026-04-06','Preacher Dumbbell Curls Left',3,10,25.0,NULL,750.0,'BRO_SPLIT','TELEGRAM',NULL);
INSERT INTO workout VALUES(12,'2026-04-06','Preacher Dumbbell Curls Right',3,10,25.0,NULL,750.0,'BRO_SPLIT','TELEGRAM',NULL);
INSERT INTO workout VALUES(13,'2026-04-07','Incline Dumbbell Press',3,3,50.0,NULL,450.0,'BRO_SPLIT','TELEGRAM',NULL);
INSERT INTO workout VALUES(14,'2026-04-07','Single Arm Cable Lateral Raise',3,10,12.5,NULL,375.0,'BRO_SPLIT','TELEGRAM',NULL);
INSERT INTO workout VALUES(15,'2026-04-07','Seated Pec Fly Machine',3,8,130.0,NULL,3120.0,'BRO_SPLIT','TELEGRAM',NULL);
INSERT INTO workout VALUES(16,'2026-04-07','Shoulder Press Machine',3,6,80.0,NULL,1440.0,'BRO_SPLIT','TELEGRAM',NULL);
INSERT INTO workout VALUES(17,'2026-04-08','Leg Press',3,8,320.0,NULL,7680.0,'BRO_SPLIT','TELEGRAM',NULL);
INSERT INTO workout VALUES(18,'2026-04-08','Leg Curl',3,10,100.0,NULL,3000.0,